Id,a_star_search
0,drluurlld
2,drululdur
4,drlluurdru
6,urdduullddr
8,lrurrdl
10,llurrrdrdl
12,ulddluudrur
14,urrllddl
16,ludrruddlllu
18,urddulldrlluudr
20,uddllururrldrd
22,udldlrrrudluur
24,rllldlrrrurduurdd
26,lllurruddrrdlll
28,luulddrdrrrluluru
30,ldllurudrrruu
32,urrdldllluurldrrurddr
34,drurduullllddrudrrur
36,dluuldurrrrdduldlllru
38,rurddlllluurdrrlu
40,drullldluudruulrdrrudrr
42,rdullldluuurddrurrrddullluu
44,luulduldurrdrrddllluruul
46,durdruuudllurlldddlluruu
48,urrlllllddrrlururddrrul
50,ludldlrurrdrruuldllllurrr
52,urrddlullllurrddlrr
54,llrrurrddludlullldrrluur
56,ldlluuudrrrulrdldrrrdllllu
58,lulurrrrdllddrrlllllurlurru
60,dlullduruurdrrrullrrdddlllul
62,rdrluuulldludldurddlrurdruurrud
64,lurlllrurrrrldddllllrrrrru
66,lullrulrrddlldrrruuurlrrd
68,rdlrrluulullldddruudrd
70,drrluuullrdlddulduulurddrrrru
72,urrlullldrddrrrudlllllurluurrrrr
74,rdruulurldlddlulduulrrrlullrddld
76,llldurulrurddrrrdllllrrruurulldlllu
78,ururddldulllrulurlldddrrruuu
80,rdruuudllllurlldddrurdrluurudru
82,rrudlluuldlulrdlddrurdrrrluuur
84,0
86,uullldddrluurrldrdrrruulduurlll
88,0
90,0
92,0
94,0
96,0
98,0
100,0
102,0
