Id,breadth_first_search
0,drluurlld
2,dluurddru
4,dluuddrruu
6,urdduullddr
8,lrurrdl
10,llurrrdrdl
12,ulddluudrur
14,urrllddl
16,luddludrrruu
18,urddulldrlluudr
20,dllururrlddurd
22,udldlrrrudluur
24,rldlllrurrrduurdd
26,lllurruddrrdlll
28,lluurdddrrrluluru
30,dlllurudrrruu
32,urrddlllluurldrrurddr
34,drurduullldluddrrrur
36,dluuldurrrrdduldlllru
38,rurddlllluurdrrlu
40,drullldluudrrululrrrdrr
42,rdullldluuurddrrrrduulldluu
44,druullulduldurrdddlurrur
46,durdruuudllurlldddlluruu
48,urrlllllddrrlururddrrul
50,lldlrurudrdrruuldllllurrr
52,urrddlulldlulurrddr
54,llrrurdurddllulldrllurur
56,ldlluuudrrrulrdldrrrdllllu
58,lulurrrrdllddrrlllllurlurru
60,dlullduruurdrrrullrrdddlllul
62,rdrlululudlldurudddlrurdruururd
64,lullrurrrrlddludldllrrrrru
66,lllurulrrddlldrrruuurlrrd
68,rdlrrluulullldddruudrd
70,drrluuullrdlddulduluurddrrrru
72,ludluurrdrrllddrrudllllluuurrrrr
74,rdruulurldlddlulduulrrrlullrddld
76,0
78,0
80,0
82,0
84,0
86,0
88,0
90,0
92,0
94,0
96,0
98,0
100,0
102,0
